﻿<?xml version="1.0" encoding="utf-8"?>
<deployment>
  <id>5f73f54ba71425d43a2c70d6926c0d3eeb332bed1759103396716</id>
  <author>ramy-atawia</author>
  <deployer>GitHub</deployer>
  <authorEmail />
  <message>{"type":"Deployment","sha":"5f73f54ba71425d43a2c70d6926c0d3eeb332bed","repoName":"ramy-atawia/word-addin-mcp","actor":"ramy-atawia","slotName":"production"}</message>
  <progress />
  <status>Success</status>
  <statusText />
  <lastSuccessEndTime>2025-09-28T23:50:00.0556979Z</lastSuccessEndTime>
  <receivedTime>2025-09-28T23:50:00.0556979Z</receivedTime>
  <startTime>2025-09-28T23:50:00.0556979Z</startTime>
  <endTime>2025-09-28T23:50:00.0556979Z</endTime>
  <complete>True</complete>
  <is_temp>False</is_temp>
  <is_readonly>True</is_readonly>
  <buildSummary />
</deployment>